{"cameraMode":{"drawMode":0,"name":"Shaded","section":"Shading Mode"},"sceneLighting":true,"audioPlay":false,"sceneViewState":{"showFog":false,"showMaterialUpdate":false,"showSkybox":false,"showFlares":false,"showImageEffects":false,"showParticleSystems":false},"in2DMode":false,"pivot":{"x":-2.7218408584594728,"y":-0.3302154541015625,"z":-2.334669589996338},"rotation":{"x":0.08917926996946335,"y":-0.8769580721855164,"z":0.17896443605422975,"w":0.4369935989379883},"size":11.467070579528809,"orthographic":false}