{"cameraMode":{"drawMode":0,"name":"Shaded","section":"Shading Mode"},"sceneLighting":true,"audioPlay":false,"sceneViewState":{"showFog":false,"showMaterialUpdate":false,"showSkybox":false,"showFlares":false,"showImageEffects":false,"showParticleSystems":false},"in2DMode":false,"pivot":{"x":365.4217834472656,"y":248.98851013183595,"z":-96.3214111328125},"rotation":{"x":-0.15419138967990876,"y":-0.0050276597030460838,"z":0.0007847483502700925,"w":-0.9880279302597046},"size":679.6936645507813,"orthographic":false}